Present Date: 01/02/2025 11:14:00,,,,,,,,,,,
,,,,,,,,,,,
Field Name,Units,2024-10-26 14:43:17,2024-10-26 14:43:18,2024-10-26 14:43:19,2024-10-26 14:43:20,2024-10-26 14:43:21,2024-10-26 14:43:22,2024-10-26 14:43:22,2024-10-26 14:43:23,2024-10-26 14:43:24,2024-10-26 14:43:25
Packet_Index,,0,0,0,0,0,0,18,0,0,0
Loco_speed,KMPH,93,92,91,90,90,89,88,88,88,87
Acceleration,m/sec2,-0.2,-0.2,-0.2,-0.2,-0.2,-0.2,-0.2,-0.2,-0.2,-0.1
OHE_Volt_KV,KV,27.4,27.4,27.3,27.3,27.3,27.3,27.3,27.3,27.3,27.3
OHE_Current,Amps,100,99,95,96,95,92,97,95,93,92
Line_frequency,Hz,50,50,50,50,50,50,50,50,50,50
TE_BE_DemandPer,%,47,47,47,47,47,47,47,47,47,47
OP_Mode,NUM,REGENERATIVE BRAKING,REGENERATIVE BRAKING,REGENERATIVE BRAKING,REGENERATIVE BRAKING,REGENERATIVE BRAKING,REGENERATIVE BRAKING,REGENERATIVE BRAKING,REGENERATIVE BRAKING,REGENERATIVE BRAKING,REGENERATIVE BRAKING
Limit_Para,NUM,NO LIMIT,NO LIMIT,NO LIMIT,NO LIMIT,NO LIMIT,NO LIMIT,NO LIMIT,NO LIMIT,NO LIMIT,NO LIMIT
Limit_Para_BG1,NUM,TORQUE_LIMIT,TORQUE_LIMIT,TORQUE_LIMIT,TORQUE_LIMIT,TORQUE_LIMIT,TORQUE_LIMIT,TORQUE_LIMIT,TORQUE_LIMIT,TORQUE_LIMIT,TORQUE_LIMIT
Limit_Para_BG2,NUM,TORQUE_LIMIT,TORQUE_LIMIT,TORQUE_LIMIT,TORQUE_LIMIT,TORQUE_LIMIT,TORQUE_LIMIT,TORQUE_LIMIT,TORQUE_LIMIT,TORQUE_LIMIT,TORQUE_LIMIT
TE_BE_Bogie1_Per,%,46,46,46,46,46,46,46,46,46,46
TE_BE_Bogie2_Per,%,46,46,46,46,46,46,46,46,46,46
TE_BE_BG1_KN,KN,-60,-60,-60,-60,-60,-60,-60,-60,-60,-60
TE_BE_BG2_KN,KN,-60,-60,-60,-60,-60,-60,-60,-60,-60,-60
MCC1_Node,NUM,596,596,596,596,596,596,596,596,596,596
MCC2_Node,NUM,596,596,596,596,596,596,596,596,596,596
SLV_Node,NUM,0,0,0,0,0,0,0,0,0,0
Bogie1_DCLV,Volts,2603,2630,2641,2622,2613,2632,2631,2612,2603,2627
Bogie2_DCLV,Volts,2608,2596,2599,2606,2601,2593,2605,2590,2591,2606
Battery_Volt,Volts,98,98,103,104,106,107,108,108,109,109
BP_Pressure,Kg/cm2,4.7,5,5.2,5.2,5.2,5.2,5.2,5.2,5.2,5.2
Pneu_Demand_Per,%,0,0,0,0,0,0,0,0,0,0
Aux_Inp_Vol,Volts,1057,1053,1052,1050,1050,1050,1050,1050,1052,1050
Aux_Winding_I,Amps,189,235,259,253,236,256,224,216,226,256
Har_Filter_I,Amps,179,181,180,177,179,176,185,177,176,174
TM1_Stall_Torque,N-m,3107,3107,3106,3099,3106,3105,3103,3107,3104,3106
TM2_Stall_Torque,N-m,3101,3101,3100,3093,3100,3099,3097,3101,3098,3100
TM3_Stall_Torque,N-m,3104,3104,3103,3096,3103,3102,3100,3104,3101,3103
TM4_Stall_Torque,N-m,3101,3101,3100,3093,3100,3099,3097,3101,3098,3100
TM5_Stall_Torque,N-m,3102,3102,3101,3094,3101,3100,3098,3102,3099,3101
TM6_Stall_Torque,N-m,3100,3100,3099,3092,3099,3098,3096,3100,3097,3099
TM1_Torque_Ref,N-m,3107,3107,3106,3099,3106,3105,3103,3107,3104,3106
TM2_Torque_Ref,N-m,3101,3101,3100,3093,3100,3099,3097,3101,3098,3100
TM3_Torque_Ref,N-m,3104,3104,3103,3096,3103,3102,3100,3104,3101,3103
TM4_Torque_Ref,N-m,3101,3101,3100,3093,3100,3099,3097,3101,3098,3100
TM5_Torque_Ref,N-m,3102,3102,3101,3094,3101,3100,3098,3102,3099,3101
TM6_Torque_Ref,N-m,3100,3100,3099,3092,3099,3098,3096,3100,3097,3099
TM1_Torque_Fbk,N-m,3041,3085,3101,3047,3081,3158,3147,3084,3168,3090
TM2_Torque_Fbk,N-m,3090,3048,3167,3098,3153,3099,3044,3129,3062,3138
TM3_Torque_Fbk,N-m,3025,3122,3065,3054,3070,3153,3143,3035,3117,3021
TM4_Torque_Fbk,N-m,3144,3046,3131,3081,3099,3188,3048,3100,3035,3061
TM5_Torque_Fbk,N-m,3089,3103,3087,3077,3101,3087,3098,3102,3091,3063
TM6_Torque_Fbk,N-m,3067,3122,3065,3048,3073,3112,3112,3123,3058,3076
TM1_RPM,RPM,1620,1606,1591,1578,1562,1542,1546,1536,1523,1525
TM2_RPM,RPM,1622,1605,1590,1578,1565,1552,1544,1542,1533,1526
TM3_RPM,RPM,1620,1605,1588,1575,1563,1552,1544,1542,1532,1524
TM4_RPM,RPM,1624,1608,1585,1577,1567,1544,1542,1533,1527,1525
TM5_RPM,RPM,1621,1607,1592,1576,1564,1547,1540,1534,1530,1526
TM6_RPM,RPM,1621,1609,1593,1577,1566,1553,1547,1544,1533,1526
Average_RRPM,RPM,1618,1604,1587,1574,1562,1545,1541,1536,1527,1522
TM1_RPM_Limit,RPM,1538,1524,1508,1496,1484,1468,1464,1460,1451,1446
TM2_RPM_Limit,RPM,1539,1526,1510,1498,1486,1470,1466,1462,1453,1448
TM3_RPM_Limit,RPM,1538,1525,1509,1497,1485,1469,1465,1461,1452,1447
TM4_RPM_Limit,RPM,1539,1526,1510,1498,1486,1470,1466,1462,1453,1448
TM5_RPM_Limit,RPM,1539,1526,1510,1498,1486,1470,1466,1462,1453,1448
TM6_RPM_Limit,RPM,1540,1527,1511,1499,1487,1471,1467,1462,1454,1449
Wheel_Diameter_1,mm,1092,1092,1092,1092,1092,1092,1092,1092,1092,1092
Wheel_Diameter_2,mm,1090,1090,1090,1090,1090,1090,1090,1090,1090,1090
Wheel_Diameter_3,mm,1091,1091,1091,1091,1091,1091,1091,1091,1091,1091
Wheel_Diameter_4,mm,1090,1090,1090,1090,1090,1090,1090,1090,1090,1090
Wheel_Diameter_5,mm,1090,1090,1090,1090,1090,1090,1090,1090,1090,1090
Wheel_Diameter_6,mm,1089,1089,1089,1089,1089,1089,1089,1089,1089,1089
TM1_Stator_Temp,Deg c,114,114,114,114,114,114,114,114,114,114
TM2_Stator_Temp,Deg c,116,116,116,116,116,116,116,116,116,116
TM3_Stator_Temp,Deg c,110,110,110,110,110,110,110,110,110,110
TM4_Stator_Temp,Deg c,115,115,115,115,115,115,115,115,115,115
TM5_Stator_Temp,Deg c,108,108,108,108,108,108,108,108,108,108
TM6_Stator_Temp,Deg c,107,107,107,107,107,107,107,107,107,107
TI1_HS_Temp,Deg c,42,42,42,42,42,42,42,42,42,42
TI2_HS_Temp,Deg c,43,43,43,43,43,43,43,43,43,43
TI3_HS_Temp,Deg c,41,41,41,41,41,41,41,41,41,41
TI4_HS_Temp,Deg c,42,42,42,42,42,42,42,42,42,42
TI5_HS_Temp,Deg c,41,41,41,41,41,41,41,41,41,41
TI6_HS_Temp,Deg c,41,41,41,41,41,41,41,41,41,41
LC1_Phase_Temp,Deg c,44,43,43,43,43,43,43,43,43,43
LC2_Phase_Temp,Deg c,43,43,43,43,43,43,42,43,43,43
LC3_Phase_Temp,Deg c,43,43,43,43,43,43,43,43,43,43
LC4_Phase_Temp,Deg c,42,42,42,42,42,42,42,42,42,42
Bogie1_LTC_TM_Eff,%,88.5,89,88.2,88.8,88.6,88.3,87.8,88.9,88.4,88.6
Bogie2_LTC_TM_Eff,%,92.3,91.7,92.3,92,92.1,91.6,91.8,91.2,91.7,91.5
Bogie1_Ref_Power,KW,2040,2040,2040,2040,2040,2040,2040,2040,2040,2040
Bogie2_Ref_Power,KW,2040,2040,2040,2040,2040,2040,2040,2040,2040,2040
Bogie1_Fbk_Power,KW,1423,1430,1328,1370,1331,1297,1369,1384,1345,1292
Bogie2_Fbk_Power,KW,1457,1408,1424,1400,1400,1367,1434,1363,1331,1366
Bogie1_TM_Ref_Power,KW,770,765,768,770,765,766,777,772,765,765
Bogie2_TM_Ref_Power,KW,734,738,737,740,740,741,745,742,743,747
Bogie1_TM_Fbk_Power,KW,1554,1556,1554,1519,1523,1526,1510,1492,1497,1477
Bogie2_TM_Fbk_Power,KW,1580,1561,1546,1520,1520,1522,1496,1501,1472,1470
Conv1_Coolant_Temp,Deg c,43,42,42,42,42,42,42,42,42,42
Conv2_Coolant_Temp,Deg c,42,42,42,42,42,42,42,42,42,42
Conv1_Coolant_Pressure,Bar,2.2,2.2,2.2,2.2,2.2,2.2,2.2,2.2,2.2,2.2
Conv2_Coolant_Pressure,Bar,2.2,2.2,2.2,2.2,2.2,2.2,2.2,2.2,2.2,2.2
Bogie1_T_F_Oil_Temp,Deg c,52,53,52,52,53,53,53,53,53,52
Bogie2_T_F_Oil_Temp,Deg c,53,53,53,53,53,53,53,53,53,53
Bogie1_T_F_Oil_Pressure,Bar,1.5,1.5,1.5,1.5,1.5,1.5,1.5,1.5,1.5,1.5
Bogie2_T_F_Oil_Pressure,Bar,1,1,1,1,1,1,1,1,1,1
VCU1_MCC_Temp,Deg c,41,41,41,41,41,41,41,41,41,41
VCU1_DIP_Temp,Deg c,41,40,40,40,40,40,40,40,40,40
VCU1_DOP_Temp,Deg c,42,42,42,42,42,42,42,42,42,42
VCU2_MCC_Temp,Deg c,43,43,43,43,43,43,43,43,43,43
VCU2_DIP_Temp,Deg c,43,42,42,42,42,42,42,42,42,42
VCU2_DOP_Temp,Deg c,43,43,43,43,43,43,43,43,43,43
Avg_Power_Factor,NUM,0.998,0.998,0.998,0.998,0.997,0.998,0.998,0.998,0.998,0.998
Loco1_Status,NUM,0,0,0,0,0,0,2,2,2,2
Loco2_Status,NUM,153,153,153,153,153,153,153,153,153,153
Testmode_Number,NUM,0,0,0,0,0,0,0,0,0,0
Wheel_Dia_Calib_Fail_Cnt,NUM,0,0,0,0,0,0,0,0,0,0
Wdia_Attempts,NUM,0,0,0,0,0,0,0,0,0,0
VCB_Trip_Info,NUM,0,0,0,0,0,0,0,0,0,0
TE_BE_KN,KN,-120,-120,-120,-120,-120,-120,-120,-120,-120,-120
Energy_Cntr,NUM,699,700,701,702,703,704,704,705,706,707
Enrgy_data_MSW,NUM,0,0,0,0,0,0,0,0,0,0
Enrgy_data_LSW,NUM,1681,1713,1634,1616,1598,1638,1638,1569,1559,1599
VCU_Card_Sense,NUM,40383,40383,40383,40383,40383,40383,40383,40383,40383,40383
TM1_Shutdown_Type,NUM,0,0,0,0,0,0,0,0,0,0
TM2_Shutdown_Type,NUM,0,0,0,0,0,0,0,0,0,0
TM3_Shutdown_Type,NUM,0,0,0,0,0,0,0,0,0,0
TM4_Shutdown_Type,NUM,0,0,0,0,0,0,0,0,0,0
TM5_Shutdown_Type,NUM,0,0,0,0,0,0,0,0,0,0
TM6_Shutdown_Type,NUM,0,0,0,0,0,0,0,0,0,0
TM1_I_Peak,Amps,357,361,371,364,352,356,375,364,362,362
TM2_I_Peak,Amps,362,371,374,370,360,364,359,366,359,357
TM3_I_Peak,Amps,352,365,367,368,366,368,373,368,362,363
TM4_I_Peak,Amps,345,345,340,335,334,345,331,337,326,334
TM5_I_Peak,Amps,344,341,339,339,333,330,330,334,332,325
TM6_I_Peak,Amps,357,364,360,371,365,353,366,362,352,364
TM1CntrlWrdFbk,NUM,4610,4610,4610,4610,4610,4610,4610,4610,4610,4610
TM2CntrlWrdFbk,NUM,4610,4610,4610,4610,4610,4610,4610,4610,4610,4610
TM3CntrlWrdFbk,NUM,4610,4610,4610,4610,4610,4610,4610,4610,4610,4610
TM4CntrlWrdFbk,NUM,2570,2570,2570,2570,2570,2570,2570,2570,2570,2570
TM5CntrlWrdFbk,NUM,2570,2570,2570,2570,2570,2570,2570,2570,2570,2570
TM6CntrlWrdFbk,NUM,2570,2570,2570,2570,2570,2570,2570,2570,2570,2570
TM1_WSlip_Der,%,1000,1000,1000,1000,1000,1000,1000,1000,1000,1000
TM2_WSlip_Der,%,1000,1000,1000,1000,1000,1000,1000,1000,1000,1000
TM3_WSlip_Der,%,1000,1000,1000,1000,1000,1000,1000,1000,1000,1000
TM4_WSlip_Der,%,1000,1000,1000,1000,1000,1000,1000,1000,1000,1000
TM5_WSlip_Der,%,1000,1000,1000,1000,1000,1000,1000,1000,1000,1000
TM6_WSlip_Der,%,1000,1000,1000,1000,1000,1000,1000,1000,1000,1000
TC1_to_MCC_Flag,NUM,0,0,0,0,0,0,0,0,0,0
TC2_to_MCC_Flag,NUM,0,0,0,0,0,0,0,0,0,0
TC3_to_MCC_Flag,NUM,0,0,0,0,0,0,0,0,0,0
TC4_to_MCC_Flag,NUM,0,0,0,0,0,0,0,0,0,0
TC5_to_MCC_Flag,NUM,0,0,0,0,0,0,0,0,0,0
TC6_to_MCC_Flag,NUM,0,0,0,0,0,0,0,0,0,0
TM1_DCLV,Volts,2559,2584,2584,2579,2561,2572,2581,2574,2564,2570
TM2_DCLV,Volts,2570,2592,2565,2579,2558,2570,2593,2593,2577,2571
TM3_DCLV,Volts,2537,2557,2525,2542,2523,2535,2560,2561,2545,2536
TM4_DCLV,Volts,2561,2565,2572,2563,2560,2558,2599,2550,2551,2571
TM5_DCLV,Volts,2570,2566,2573,2571,2563,2558,2579,2553,2554,2574
TM6_DCLV,Volts,2562,2568,2575,2566,2563,2562,2603,2551,2555,2572
TM1_KW,kw,-482,-476,-471,-461,-458,-458,-470,-466,-460,-449
TM2_KW,kw,-489,-475,-475,-473,-469,-467,-460,-471,-457,-458
TM3_KW,kw,-463,-478,-453,-460,-457,-463,-465,-448,-443,-444
TM4_KW,kw,-528,-516,-522,-497,-502,-499,-494,-484,-474,-492
TM5_KW,kw,-519,-515,-509,-507,-509,-492,-498,-489,-488,-486
TM6_KW,kw,-466,-468,-453,-456,-453,-445,-455,-452,-438,-446
TI1_HS_Temp1,Deg c,42,42,42,42,42,42,42,42,42,42
TI2_HS_Temp1,Deg c,43,43,43,43,43,43,43,43,43,43
TI3_HS_Temp1,Deg c,41,41,41,41,41,41,41,41,41,41
TI4_HS_Temp1,Deg c,42,42,42,42,42,42,42,42,42,42
TI5_HS_Temp1,Deg c,41,41,41,41,41,41,41,41,41,41
TI6_HS_Temp1,Deg c,41,41,41,41,41,41,41,41,41,41
TI1_HS_Temp2,Deg c,42,42,42,42,42,42,42,42,42,42
TI2_HS_Temp2,Deg c,42,42,42,42,42,42,42,42,42,42
TI3_HS_Temp2,Deg c,39,39,39,39,39,39,39,39,39,39
TI4_HS_Temp2,Deg c,41,41,41,41,41,41,41,41,41,41
TI5_HS_Temp2,Deg c,41,41,41,41,41,41,41,41,41,41
TI6_HS_Temp2,Deg c,40,40,40,40,40,40,40,40,40,40
TM1_Stat_Temp1,Deg c,112,112,112,112,112,112,112,112,112,112
TM2_Stat_Temp1,Deg c,115,115,115,115,115,115,115,115,115,115
TM3_Stat_Temp1,Deg c,105,105,105,105,105,105,105,105,105,105
TM4_Stat_Temp1,Deg c,115,115,115,115,115,115,115,115,115,115
TM5_Stat_Temp1,Deg c,106,106,106,106,106,106,106,106,106,106
TM6_Stat_Temp1,Deg c,105,105,105,105,105,105,105,105,105,105
TM1_Stat_Temp2,Deg c,114,114,114,114,114,114,114,114,114,114
TM2_Stat_Temp2,Deg c,116,116,116,116,116,116,116,116,116,116
TM3_Stat_Temp2,Deg c,110,110,110,110,110,110,110,110,110,110
TM4_Stat_Temp2,Deg c,115,115,115,115,115,115,115,115,115,115
TM5_Stat_Temp2,Deg c,108,108,108,108,108,108,108,108,108,108
TM6_Stat_Temp2,Deg c,107,107,107,107,107,107,107,107,107,107
TIC1_Card_Amb_Temp,Deg c,-50,-50,-50,-50,-50,-50,-50,-50,-50,-50
TIC2_Card_Amb_Temp,Deg c,-50,-50,-50,-50,-50,-50,-50,-50,-50,-50
TIC3_Card_Amb_Temp,Deg c,-50,-50,-50,-50,-50,-50,-50,-50,-50,-50
TIC4_Card_Amb_Temp,Deg c,-50,-50,-50,-50,-50,-50,-50,-50,-50,-50
TIC5_Card_Amb_Temp,Deg c,-50,-50,-50,-50,-50,-50,-50,-50,-50,-50
TIC6_Card_Amb_Temp,Deg c,-50,-50,-50,-50,-50,-50,-50,-50,-50,-50
TM1_MCC_Status,NUM,16384,16384,16384,16384,16384,16384,16384,16384,16384,16384
TM2_MCC_Status,NUM,16384,16384,16384,16384,16384,16384,16384,16384,16384,16384
TM3_MCC_Status,NUM,16384,16384,16384,16384,16384,16384,16384,16384,16384,16384
TM4_MCC_Status,NUM,16384,16384,16384,16384,16384,16384,16384,16384,16384,16384
TM5_MCC_Status,NUM,16384,16384,16384,16384,16384,16384,16384,16384,16384,16384
TM6_MCC_Status,NUM,16384,16384,16384,16384,16384,16384,16384,16384,16384,16384
TM1_Trq_Der_Flags,NUM,0,0,0,0,0,0,0,0,0,0
TM2_Trq_Der_Flags,NUM,0,0,0,0,0,0,0,0,0,0
TM3_Trq_Der_Flags,NUM,0,0,0,0,0,0,0,0,0,0
TM4_Trq_Der_Flags,NUM,0,0,0,0,0,0,0,0,0,0
TM5_Trq_Der_Flags,NUM,0,0,0,0,0,0,0,0,0,0
TM6_Trq_Der_Flags,NUM,0,0,0,0,0,0,0,0,0,0
OHE_Volt_LC1,KV,27.4,27.4,27.4,27.5,27.5,27.3,27.4,27.5,27.4,27.4
OHE_Volt_LC2,KV,27.3,27.3,27.4,27.3,27.3,27.3,27.3,27.3,27.3,27.2
OHE_Volt_LC3,KV,27.4,27.4,27.3,27.4,27.3,27.3,27.4,27.3,27.4,27.3
OHE_Volt_LC4,KV,27.3,27.3,27.3,27.3,27.3,27.3,27.3,27.3,27.3,27.3
OHE_CurrentLC1,Amps,99.6,98.9,94.8,95.8,95.4,92,97,95.4,92.9,91.9
OHE_CurrentLC2,Amps,99.8,98.8,94.8,95.4,95.4,92.1,96.8,95.2,92.8,91.6
OHE_CurrentLC3,Amps,98.9,98.8,94.6,95.4,95.4,92.1,96.9,95,92.9,92
OHE_CurrentLC4,Amps,99,98.8,94.7,95.3,95.4,92.2,96.8,95.2,92.7,91.8
Is_LC1,Amps,518,526,473,488,490,469,499,497,495,476
Is_LC2,Amps,508,505,484,499,470,468,490,501,475,458
Is_LC3,Amps,526,490,518,505,491,498,514,494,462,493
Is_LC4,Amps,526,526,511,506,521,490,522,492,499,495
HL_I_LC1,Amps,17.8,17.8,17.8,17.8,17.8,17.8,17.8,17.8,17.8,17.8
HL_I_LC2,Amps,10.2,10.2,10.2,10.2,12.7,10.2,10.2,10.2,12.7,12.7
HL_I_LC3,Amps,7.6,10.2,10.2,7.6,7.6,10.2,7.6,7.6,10.2,10.2
HL_I_LC4,Amps,12.7,12.7,15.2,12.7,12.7,12.7,12.7,12.7,12.7,15.2
DCLV_LC1,Volts,2603.5,2630.4,2641.1,2622.2,2613,2631.9,2630.9,2612.2,2603.2,2626.8
DCLV_LC2,Volts,2603.5,2630.4,2641.1,2622.2,2613,2631.9,2630.9,2612.2,2603.2,2626.8
DCLV_LC3,Volts,2608.1,2596.3,2598.9,2605.5,2602.4,2593.5,2605,2589.6,2591.2,2606.3
DCLV_LC4,Volts,2608.1,2596.3,2598.9,2605.5,2599.6,2593.5,2605,2589.6,2591.2,2606.3
Line_Freq_LC1,Hz,50,50,50,50,50,50,50,50,50,50
Line_Freq_LC2,Hz,50,50,50,50,50,50,50,50,50,50
Line_Freq_LC3,Hz,50,50,50,50,50,50,50,50,50,50
Line_Freq_LC4,Hz,50,50,50,50,50,50,50,50,50,50
LC1_Master_Shutdown1,NUM,0,0,0,0,0,0,0,0,0,0
LC2_Master_Shutdown1,NUM,0,0,0,0,0,0,0,0,0,0
LC3_Master_Shutdown2,NUM,0,0,0,0,0,0,0,0,0,0
LC4_Master_Shutdown2,NUM,0,0,0,0,0,0,0,0,0,0
Har_Filt_I_LC1,Amps,176.2,180.6,179.5,175.6,179,175.6,181.7,176.7,176.2,173.4
Har_Filt_I_LC2,Amps,176.2,179.5,179,175.6,175.6,174.5,183.9,175.6,175.1,173.9
Har_Filt_I_LC3,Amps,179,180.1,179,176.7,175.6,174.5,185,177.3,176.2,173.9
Har_Filt_I_LC4,Amps,179,180.1,179,177.3,176.2,174.5,185,177.3,176.2,173.9
Aux_CurrentLC1,Amps,187.5,234.8,259.1,253,236.3,254.6,211.9,216.5,224.1,254.6
Aux_CurrentLC2,Amps,189,233.2,257.6,247,233.2,256.1,213.4,214.9,221,251.5
Aux_CurrentLC3,Amps,186,231.7,233.2,248.5,236.3,254.6,224.1,210.4,225.6,256.1
Aux_CurrentLC4,Amps,186,233.2,236.3,230.2,234.8,248.5,222.6,207.3,225.6,256.1
LC1_Ph_Temp1,Deg c,43.2,43.2,43.2,43.2,43.2,43.2,43.2,43.1,43.1,43.2
LC2_Ph_Temp1,Deg c,42.6,42.6,42.6,42.6,42.6,42.6,42.4,42.6,42.6,42.6
LC3_Ph_Temp1,Deg c,42.4,42.4,42.4,42.4,42.4,42.2,42.4,42.4,42.2,42.2
LC4_Ph_Temp1,Deg c,42.2,42.1,42.1,42.1,42.2,42.1,42.1,42.2,42.2,42.2
LC1_Ph_Temp2,Deg c,43.6,43.4,43.4,43.4,43.4,43.4,43.4,43.4,43.2,43.4
LC2_Ph_Temp2,Deg c,42.4,42.6,42.6,42.4,42.4,42.4,42.4,42.4,42.4,42.4
LC3_Ph_Temp2,Deg c,42.7,42.7,42.7,42.6,42.6,42.6,42.6,42.6,42.6,42.6
LC4_Ph_Temp2,Deg c,42.2,42.2,42.2,42.2,42.2,42.2,42.2,42.4,42.2,42.2
Conv1_CoolTmp1,Deg c,40.1,41.3,40.3,40.3,40.8,40.4,40.1,40.6,40.8,39.9
Conv1_CoolTmp2,Deg c,42.6,42.4,42.4,42.4,42.4,42.4,42.4,42.4,42.4,42.4
Conv2_CoolTmp1,Deg c,40.3,40.1,40.3,40.3,40.3,40.3,40.3,40.3,40.3,40.3
Conv2_CoolTmp2,Deg c,42.4,42.2,42.2,42.2,42.2,42.2,42.2,42.2,42.2,42.2
Conv1_Cool_Pr1,Bar,2.2,2.2,2.2,2.2,2.2,2.2,2.2,2.2,2.2,2.2
Conv1_Cool_Pr2,Bar,2.2,2.2,2.2,2.2,2.2,2.2,2.2,2.2,2.2,2.2
Conv2_Cool_Pr1,Bar,2.2,2.2,2.2,2.2,2.2,2.2,2.2,2.2,2.2,2.2
Conv2_Cool_Pr2,Bar,2.2,2.2,2.2,2.2,2.2,2.2,2.2,2.2,2.2,2.2
BG1_FOilTmp1,Deg c,51.9,53.4,52.2,52.2,52.7,52.6,52.2,52.6,52.9,52.1
BG1_TFOilTmp2,Deg c,52.4,52.4,52.4,52.4,52.4,52.4,52.6,52.4,52.4,52.4
BG2_TFOilTmp1,Deg c,52.4,52.4,52.4,52.4,52.4,52.4,52.4,52.4,52.4,52.4
BG2_TFOilTmp2,Deg c,53.2,53.2,53.2,53.2,53.2,53.2,53.2,53.2,53.2,53.2
BG1_TFOil_Pr1,Bar,1.5,1.5,1.5,1.5,1.5,1.5,1.5,1.5,1.5,1.5
BG1_TFOil_Pr2,Bar,1.5,1.5,1.5,1.5,1.5,1.5,1.5,1.5,1.5,1.5
BG2_TFOil_Pr1,Bar,1,1,1,1,1,1,1,1,1,1
LC1_MCC_Status,NUM,960,960,960,960,960,960,960,960,960,960
LC2_MCC_Status,NUM,960,960,960,960,960,960,960,960,960,960
LC3_MCC_Status,NUM,960,960,960,960,960,960,960,960,960,960
LC4_MCC_Status,NUM,960,960,960,960,960,960,960,960,960,960
LC3_Fan_out>,0,OFF,OFF,OFF,OFF,OFF,OFF,OFF,OFF,OFF,OFF
LC1_DIPHltStat,NUM,32639,32639,32639,32639,32639,32639,32639,32639,32639,32639
LC2_DIPHltStat,NUM,32639,32639,32639,32639,32639,32639,32639,32639,32639,32639
LC3_DIPHltStat,NUM,32639,32639,32639,32639,32639,32639,32639,32639,32639,32639
LC4_DIPHltStat,NUM,32639,32639,32639,32639,32639,32639,32639,32639,32639,32639
LC1_DOPHltStat,NUM,7039,7039,7039,7039,7039,7039,7039,7039,7039,7039
LC2_DOPHltStat,NUM,7039,7039,7039,7039,7039,7039,7039,7039,7039,7039
LC3_DOPHltStat,NUM,7039,7039,7039,7039,7039,7039,7039,7039,7039,7039
LC4_DOPHltStat,NUM,7039,7039,7039,7039,7039,7039,7039,7039,7039,7039
AC1_Input_Voltage,Volts,1042,1044,1041,1043,1039,1046,1034,1043,1037,1036
AC2_Input_Voltage,Volts,1056,1055,1052,1053,1048,1053,1044,1053,1051,1045
AC3_Input_Voltage,Volts,1048,1048,1043,1046,1042,1047,1046,1045,1043,1049
AC1_Input_Current,Amps,83,70,71,66,82,61,79,78,74,70
AC2_Input_Current,Amps,110,103,108,93,94,101,97,100,92,91
AC3_Input_Current,Amps,21,35,39,40,58,41,48,48,53,19
AC1_DCLV,Volts,642,612,630,619,649,614,657,627,626,615
AC2_DCLV,Volts,642,644,657,633,620,640,621,643,621,625
AC3_DCLV,Volts,651,588,551,604,595,595,651,630,621,623
AC1_DCLI,Amps,97,77,84,92,94,87,84,93,90,85
AC2_DCLI,Amps,133,118,122,111,113,118,117,116,112,104
AC3_DCLI,Amps,13,54,103,69,55,74,29,106,70,10
AC1_MCC_Ref_Vent_Level,NUM,2,2,2,2,2,2,2,2,2,2
AC2_MCC_Ref_Vent_Level,NUM,3,3,3,3,3,3,3,3,3,3
AC3_MCC_Ref_Vent_Level,NUM,3,3,3,3,3,3,3,3,3,3
AC1_Ref_Ventilation_Freq,Hz,47,47,47,47,47,47,47,47,47,47
AC2_Ref_Ventilation_Freq,Hz,50,50,50,50,50,50,50,50,50,50
AC3_Ref_Ventilation_Freq,Hz,50,50,50,50,50,50,50,50,50,50
AC1_Output_Frequency,Hz,47,47,47,47,47,47,47,47,47,47
AC2_Output_Frequency,Hz,50,50,50,50,50,50,50,50,50,50
AC3_Output_Frequency,Hz,36,41,46,50,50,50,50,50,50,50
AC1_RY_Ph_Volt,Volts,391,390,389,389,390,389,391,390,391,391
AC2_RY_Ph_Volt,Volts,415,415,416,415,415,415,415,415,414,414
AC3_RY_Ph_Volt,Volts,306,346,379,415,410,413,418,413,414,417
AC1_YB_Ph_Volt,Volts,390,390,390,391,392,391,390,392,390,390
AC2_YB_Ph_Volt,Volts,413,412,413,412,413,413,413,414,413,413
AC3_YB_Ph_Volt,Volts,309,347,376,414,407,413,414,406,410,417
AC1_R_Ph_Curr,Amps,72,72,71,70,72,71,72,72,73,73
AC2_R_Ph_Curr,Amps,105,105,105,104,104,103,104,103,103,102
AC3_R_Ph_Curr,Amps,34,47,70,52,68,59,58,65,59,46
AC1_Y_Ph_Curr,Amps,71,71,71,73,72,73,70,73,72,72
AC2_Y_Ph_Curr,Amps,101,100,101,100,101,101,101,101,102,102
AC3_Y_Ph_Curr,Amps,32,47,69,54,62,61,57,61,53,46
AC1_B_Ph_Curr,Amps,73,73,72,73,72,73,72,73,71,72
AC2_B_Ph_Curr,Amps,103,101,102,100,100,99,100,99,99,99
AC3_B_Ph_Curr,Amps,31,43,66,50,63,58,55,58,51,42
AC1_IpErLeak_I,mA,1,1,1,1,0,1,0,1,1,1
AC2_IpErLeak_I,mA,10,10,10,10,9,9,9,9,8,8
AC3_IpErLeak_I,mA,1,1,1,1,1,1,1,1,1,1
AC1_OpErLeak_I,mA,0,0,0,0,0,0,0,0,0,0
AC2_OpErLeak_I,mA,10,10,10,10,9,9,9,9,8,8
AC3_OpErLeak_I,mA,1,1,1,1,1,1,1,1,1,1
AC2_BATV,Volts,98,98,103,104,106,107,108,108,109,109
AC3_BATV,Volts,98,98,102,104,105,107,108,108,109,109
AC2_BATI,Amps,0,16,28,29,29,29,29,26,18,14
AC3_BATI,Amps,0,20,28,29,29,29,29,26,18,14
AC2_Batt_DCLV,Volts,432,472,504,564,560,564,572,564,568,572
AC3_Batt_DCLV,Volts,432,468,504,564,560,560,572,564,572,568
AC2_Bat_DCOp_V,Volts,97,102,105,106,108,109,110,110,110,110
AC3_Bat_DCOp_V,Volts,97,102,105,106,108,109,110,110,110,110
AC2_DC_Op_Curr,Amps,0,30,40,41,40,40,41,37,29,25
AC3_DC_Op_Curr,Amps,0,33,40,40,40,40,42,37,29,25
AC1_MCC_Status,NUM,0,0,0,0,0,0,0,0,0,0
AC2_MCC_Status,NUM,0,0,0,0,0,0,0,0,0,0
AC3_MCC_Status,NUM,0,0,0,0,0,0,0,0,0,0
AC1 DSP Heart Beat Fail,0,NO,NO,NO,NO,NO,NO,NO,NO,NO,NO
AC1 Packet Index Stuck,0,NO,NO,NO,NO,NO,NO,NO,NO,NO,NO
AC1_THY_HS_TMP,Deg c,47,47,47,47,47,47,47,47,47,47
AC1_INV_HS_TMP,Deg c,50,50,50,50,50,50,50,50,50,50
AC2_THY_HS_TMP,Deg c,53,53,53,53,53,53,53,54,53,53
AC2_INV_HS_TMP,Deg c,57,57,57,57,57,57,57,57,57,57
AC3_THY_HS_TMP,Deg c,45,45,45,45,45,45,45,45,45,45
AC3_INV_HS_TMP,Deg c,47,47,47,47,47,47,47,47,47,47
AC1_BKCHP_HS_TMP,Deg c,0,0,0,0,0,0,0,0,0,0
AC1_DCDC_HS_TMP,Deg c,0,0,0,0,0,0,0,0,0,0
AC2_BKCHP_HS_TMP,Deg c,0,0,0,0,0,0,0,0,0,0
AC2_DCDC_HS_TMP,Deg c,47,47,47,47,47,47,47,47,47,47
AC3_BKCHP_HS_TMP,Deg c,0,0,0,0,0,0,0,0,0,0
AC3_DCDC_HS_TMP,Deg c,47,47,47,47,47,47,47,47,47,47
AC1_INV_AMB,Deg c,0,0,0,0,0,0,0,0,0,0
AC1_CUB_AMB,Deg c,47,47,47,47,47,47,47,47,47,47
AC2_INV_AMB,Deg c,0,0,0,0,0,0,0,0,0,0
AC2_CUB_AMB,Deg c,49,49,49,49,49,49,49,49,49,49
AC3_INV_AMB,Deg c,0,0,0,0,0,0,0,0,0,0
AC3_CUB_AMB,Deg c,50,50,50,50,50,50,50,50,50,50
AC1DCLV770Cnt,NUM,1,1,1,1,1,1,1,1,1,1
AC1BCHFiredCnt,NUM,0,0,0,0,0,0,0,0,0,0
AC1_Input_Frequency,Hz,50.07,48.79,50.43,49.98,50.34,50.55,49.69,49.89,50.37,50.15
AC1_Dlg_Spr1,NUM,0,0,0,0,0,0,0,0,0,0
IC1_DCLV,NUM,609,615,631,613,619,614,630,614,618,621
AC1_Dlg_Spr6,NUM,0,0,0,0,0,0,0,0,0,0
AC1_Dlg_Spr7,NUM,0,0,0,0,0,0,0,0,0,0
AC1_Dlg_Spr8,NUM,0,0,0,0,0,0,0,0,0,0
AC1_Dlg_Spr9,NUM,0,0,0,0,0,0,0,0,0,0
AC1_Dlg_Spr10,NUM,0,0,0,0,0,0,0,0,0,0
AC2DCLV770Cnt,NUM,1,1,1,1,1,1,1,1,1,1
AC2BCHFiredCnt,NUM,0,0,0,0,0,0,0,0,0,0
AC2_Input_Frequency,Hz,50.83,49.9,50.31,49.77,50.09,50.44,50.11,50.12,50.69,49.51
AC2_Batt_Chrgr_TxF_Primary_Current,Amps,0,2,2,3,3,3,0,2,2,2
IC2_DCLV,NUM,607,629,640,642,630,631,621,636,643,644
AC2_Dlg_Spr5,NUM,0,0,0,0,0,0,0,0,0,0
AC2_Dlg_Spr6,NUM,0,0,0,0,0,0,0,0,0,0
AC3DCLV770Cnt,NUM,0,0,0,0,0,0,0,0,0,0
AC3BCHFiredCnt,NUM,0,0,11,15,15,15,15,15,15,15
AC3_Input_Frequency,Hz,50.31,50.08,49.86,49.94,48.6,49.96,48.64,50.12,50,50.5
AC3_Batt_Chrgr_TxF_Primary_Current,Amps,0,2,2,2,3,2,0,2,2,2
IC3_DCLV,NUM,647,631,577,635,611,617,599,608,602,652
ACC_Index,NUM,7954,7955,7955,7955,7955,7956,4359,7956,7956,7444
TC1_Status_Word,NUM,258,258,258,258,258,258,258,258,258,258
TMC1_Stall_Torque,N-m,3108,3106,3107,3098,3106,3105,3103,3107,3104,3104
TM1_Slip_Speed,RPM,19.4,19,18.7,18.4,18,17.5,17.8,17.5,17.2,17.1
TC1_Uph_Vcetype,NUM,0,0,0,0,0,0,0,0,0,0
TC1_Vph_Vcetype,NUM,0,0,0,0,0,0,0,0,0,0
TC1_Wph_Vcetype,NUM,0,0,0,0,0,0,0,0,0,0
TM1_PulseMode,NUM,3,3,3,3,3,3,3,3,3,3
TM1_DiffRPMCntr,NUM,247,247,247,247,247,247,247,247,247,247
TM1_IrphRMS,Amps,201,198,200,196,196,197,197,196,195,191
TM1_IyphRMS,Amps,200,200,202,194,194,195,198,195,196,192
TM1_IbphRMS,Amps,202,200,203,196,196,196,196,195,193,194
TM1_IrybSum,Amps,100,100,100,99,100,100,100,100,99,100
TM1_Vref,NUM,885,869,861,869,877,869,874,878,874,873
TM1_PFAngle,Deg,154,154,155,154,154,154,155,154,154,154
ACC_TC1_Para_1,NUM,1,1,1,1,1,1,1,1,1,1
ACC_TC1_Para_2,NUM,76,76,77,77,77,77,78,77,78,77
ACC_TC1_Para_3,NUM,100,100,100,100,100,100,100,100,100,100
ACC_TC1_Para_4,NUM,3108,3106,3107,3098,3106,3105,3103,3107,3104,3104
ACC_TC1_Para_5,NUM,38,38,38,38,38,38,38,38,38,38
TC2_Status_Word,NUM,258,258,258,258,258,258,258,258,258,258
TMC2_Stall_Torque,N-m,3102,3100,3101,3092,3100,3099,3097,3101,3098,3098
TM2_Slip_Speed,RPM,19.6,19.1,18.8,18.5,18.2,17.8,17.7,17.7,17.4,17.3
TC2_Uph_Vcetype,NUM,0,0,0,0,0,0,0,0,0,0
TC2_Vph_Vcetype,NUM,0,0,0,0,0,0,0,0,0,0
TC2_Wph_Vcetype,NUM,0,0,0,0,0,0,0,0,0,0
TM2_PulseMode,NUM,3,3,3,3,3,3,3,3,3,3
TM2_DiffRPMCntr,NUM,565,565,565,565,565,565,565,565,565,565
TM2_IrphRMS,Amps,203,198,203,197,198,197,194,195,192,197
TM2_IyphRMS,Amps,202,197,200,198,199,198,193,198,193,194
TM2_IbphRMS,Amps,204,199,201,197,196,200,193,196,192,195
TM2_IrybSum,Amps,100,100,99,100,100,99,100,100,100,100
TM2_Vref,NUM,885,870,874,874,882,875,870,873,876,877
TM2_PFAngle,Deg,155,154,154,155,154,154,155,155,155,154
ACC_TC2_Para_1,NUM,1,1,1,1,1,1,1,1,1,1
ACC_TC2_Para_2,NUM,76,76,77,77,77,77,77,78,78,78
ACC_TC2_Para_3,NUM,100,100,100,100,100,100,100,100,100,100
ACC_TC2_Para_4,NUM,3102,3100,3101,3092,3100,3099,3097,3101,3098,3098
ACC_TC2_Para_5,NUM,38,38,38,38,38,38,38,38,38,38
TC3_Status_Word,NUM,258,258,258,258,258,258,258,258,258,258
TMC3_Stall_Torque,N-m,3105,3103,3104,3095,3103,3102,3100,3104,3101,3101
TM3_Slip_Speed,RPM,19,18.8,18.4,18,17.8,17.6,17.5,17.3,17.1,16.9
TC3_Uph_Vcetype,NUM,0,0,0,0,0,0,0,0,0,0
TC3_Vph_Vcetype,NUM,0,0,0,0,0,0,0,0,0,0
TC3_Wph_Vcetype,NUM,0,0,0,0,0,0,0,0,0,0
TM3_PulseMode,NUM,3,3,3,3,3,3,3,3,3,3
TM3_DiffRPMCntr,NUM,1827,1828,1828,1828,1828,1828,1828,1828,1828,1828
TM3_IrphRMS,Amps,197,201,196,199,199,199,198,192,192,190
TM3_IyphRMS,Amps,197,203,197,198,195,201,199,191,191,191
TM3_IbphRMS,Amps,198,203,199,199,201,201,199,192,191,193
TM3_IrybSum,Amps,100,100,100,100,100,99,100,100,99,100
TM3_Vref,NUM,873,867,865,866,874,864,863,863,865,863
TM3_PFAngle,Deg,154,155,154,154,154,155,155,155,155,154
ACC_TC3_Para_1,NUM,1,1,1,1,1,1,1,1,1,1
ACC_TC3_Para_2,NUM,76,76,76,77,77,78,78,78,78,78
ACC_TC3_Para_3,NUM,100,100,100,100,100,100,100,100,100,100
ACC_TC3_Para_4,NUM,3105,3103,3104,3095,3103,3102,3100,3104,3101,3101
ACC_TC3_Para_5,NUM,38,38,38,38,38,38,38,38,38,38
TC4_Status_Word,NUM,266,266,266,266,266,266,266,266,266,266
TMC4_Stall_Torque,N-m,3102,3100,3101,3092,3100,3099,3097,3101,3098,3098
TM4_Slip_Speed,RPM,19.6,19.1,18.7,18.4,18.2,17.7,17.6,17.4,17.1,17.2
TC4_Uph_Vcetype,NUM,0,0,0,0,0,0,0,0,0,0
TC4_Vph_Vcetype,NUM,0,0,0,0,0,0,0,0,0,0
TC4_Wph_Vcetype,NUM,0,0,0,0,0,0,0,0,0,0
TM4_PulseMode,NUM,3,3,3,3,3,3,3,3,3,3
TM4_DiffRPMCntr,NUM,2611,2611,2611,2611,2611,2611,2611,2611,2611,2611
TM4_IrphRMS,Amps,199,196,196,192,191,196,186,187,186,187
TM4_IyphRMS,Amps,200,200,201,190,192,194,188,189,186,190
TM4_IbphRMS,Amps,203,196,197,190,191,196,186,188,185,190
TM4_IrybSum,Amps,100,100,100,100,100,100,100,100,100,100
TM4_Vref,NUM,986,983,984,982,989,993,975,978,980,973
TM4_PFAngle,Deg,150,150,150,151,150,150,150,150,150,150
ACC_TC4_Para_1,NUM,1,1,1,1,1,1,1,1,1,1
ACC_TC4_Para_2,NUM,72,72,73,73,73,73,73,73,73,74
ACC_TC4_Para_3,NUM,100,100,100,100,100,100,100,100,100,100
ACC_TC4_Para_4,NUM,3102,3100,3101,3092,3100,3099,3097,3101,3098,3098
ACC_TC4_Para_5,NUM,38,38,38,38,38,38,38,38,38,38
TC5_Status_Word,NUM,266,266,266,266,266,266,266,266,266,266
TMC5_Stall_Torque,N-m,3104,3101,3102,3093,3100,3099,3098,3102,3099,3098
TM5_Slip_Speed,RPM,19,18.8,18.4,18,17.8,17.3,17.1,17,16.9,16.8
TC5_Uph_Vcetype,NUM,0,0,0,0,0,0,0,0,0,0
TC5_Vph_Vcetype,NUM,0,0,0,0,0,0,0,0,0,0
TC5_Wph_Vcetype,NUM,0,0,0,0,0,0,0,0,0,0
TM5_PulseMode,NUM,3,3,3,3,3,3,3,3,3,3
TM5_DiffRPMCntr,NUM,2289,2289,2289,2289,2289,2289,2289,2289,2289,2289
TM5_IrphRMS,Amps,198,198,193,193,192,190,188,190,188,187
TM5_IyphRMS,Amps,200,195,192,196,194,191,187,190,190,186
TM5_IbphRMS,Amps,196,195,195,194,195,188,189,190,188,188
TM5_IrybSum,Amps,100,100,100,100,100,100,100,100,100,99
TM5_Vref,NUM,983,982,977,976,985,983,978,977,978,969
TM5_PFAngle,Deg,150,150,151,151,151,150,150,150,151,151
ACC_TC5_Para_1,NUM,1,1,1,1,1,1,1,1,1,1
ACC_TC5_Para_2,NUM,72,72,73,73,73,73,73,73,74,74
ACC_TC5_Para_3,NUM,100,100,100,100,100,100,100,100,100,100
ACC_TC5_Para_4,NUM,3103,3101,3102,3093,3101,3100,3098,3102,3099,3099
ACC_TC5_Para_5,NUM,38,38,38,38,38,38,38,38,38,38
TC6_Status_Word,NUM,266,266,266,266,266,266,266,266,266,266
TMC6_Stall_Torque,N-m,3102,3099,3101,3091,3098,3097,3096,3100,3097,3096
TM6_Slip_Speed,RPM,18.9,18.8,18.3,17.9,17.7,17.3,17.2,17.2,16.9,16.8
TC6_Uph_Vcetype,NUM,0,0,0,0,0,0,0,0,0,0
TC6_Vph_Vcetype,NUM,0,0,0,0,0,0,0,0,0,0
TC6_Wph_Vcetype,NUM,0,0,0,0,0,0,0,0,0,0
TM6_PulseMode,NUM,3,3,3,3,3,3,3,3,3,3
TM6_DiffRPMCntr,NUM,3040,3040,3040,3040,3040,3040,3040,3040,3040,3040
TM6_IrphRMS,Amps,199,203,197,197,196,195,195,197,193,195
TM6_IyphRMS,Amps,203,204,195,201,198,194,197,199,195,198
TM6_IbphRMS,Amps,202,202,197,199,199,194,197,198,192,196
TM6_IrybSum,Amps,99,100,100,100,99,100,100,100,100,100
TM6_Vref,NUM,861,859,855,857,858,858,850,863,858,851
TM6_PFAngle,Deg,153,153,153,153,153,153,153,153,153,153
ACC_TC6_Para_1,NUM,1,1,1,1,1,1,1,1,1,1
ACC_TC6_Para_2,NUM,75,75,75,76,76,76,76,76,76,77
ACC_TC6_Para_3,NUM,100,100,100,100,100,100,100,100,100,100
ACC_TC6_Para_4,NUM,3102,3099,3100,3091,3098,3097,3096,3100,3097,3096
ACC_TC6_Para_5,NUM,38,38,38,38,38,38,38,38,38,38
ALC1_System_Para1,NUM,35808,35808,35808,35808,35808,35808,35808,35808,35808,35808
ALC1_Precharging_Cnt,NUM,3,3,3,3,3,3,3,3,3,3
LC1_DCLVRef,Volts,2600,2600,2600,2600,2600,2600,2600,2600,2600,2600
LC1_Is_ref_mag,Amps,-739.9,-754.9,-757,-741.9,-719.9,-727,-732,-723.4,-722.8,-716
LC1_VsPeak,Volts,2038.5,2033.6,2039.7,2032.4,2027.5,2036.1,2037.3,2032.5,2020.3,2038.5
LC1_IsPeak,Amps,997.6,1015.1,978.5,962.4,965.3,947.8,977.1,985.8,966.7,944.8
LC1_Vs_10mSec_Rms,Volts,1395.5,1386.6,1390,1396.7,1411,1375.8,1394.5,1398.1,1388.5,1391.4
LC1_IpPeak,Amps,145.8,145,139.9,139.9,140.6,134.8,142.1,137.7,136.2,135.5
LC1_OVL_I,Amps,1.2,1.2,1.1,1,1.1,1.1,1.1,1.1,1.2,1.2
LC1_Flag_Sts2TC,NUM,520,520,520,520,520,520,520,520,520,520
LC1_DCL_EFlt_V,Volts,1958,1948.8,1959.8,1951.8,1953.9,1944.7,1944.9,1942.6,1958.5,1952.1
LC1_Ki_Out,Amps,-484.1,-493.2,-478.6,-481.8,-472.6,-468.5,-471.6,-475.1,-476.7,-461.2
LC1_OHE_Pwr_Der_Fact,NUM,32768,32768,32768,32768,32768,32768,32768,32768,32768,32768
ALC1_System_Para2,NUM,2,2,2,2,2,2,2,2,2,2
ALC1_System_Para3,NUM,0,0,0,0,0,0,0,0,0,0
ALC1_System_Para4,NUM,0,0,0,0,0,0,0,0,0,0
LC1__Is_Rms_With_Ripple,Amps,549.3,556.7,510.7,523.2,522.8,508.8,532.3,531.6,526.9,510
LC1_DCLV_Max,Volts,2661,2666,2674,2662,2653,2642,2651,2678,2669,2650
LC1_PLL_Ph_Err,Deg,0,-0.05,0.03,0.01,0.01,-0.05,0.02,0.01,0.01,0.03
LC1_Is_Ret_Rms,Amps,528,525,529,511.3,503.6,511.3,502.8,502.8,499.7,497.1
LTC1_Terminal_Temp,Deg c,507,507,507,507,507,507,507,507,507,507
LC1_PWM_Phase_Shift,NUM,0,0,0,0,0,0,0,0,0,0
ALC2_System_Para1,NUM,35808,35808,35808,35808,35808,35808,35808,35808,35808,35808
ALC2_Precharging_Cnt,NUM,3,3,3,3,3,3,3,3,3,3
LC2_DCLVRef,Volts,2600,2600,2600,2600,2600,2600,2600,2600,2600,2600
LC2_Is_ref_mag,Amps,-739.9,-766.1,-757,-741.9,-719.9,-727,-732,-724.9,-722.8,-716
LC2_VsPeak,Volts,2031.2,2027.5,2032.5,2031.2,2021.4,2033.6,2017.7,2031.3,2020.3,2031.2
LC2_IsPeak,Amps,988.7,990.2,950.7,1000.4,939,934.6,969.6,974.1,946.3,928.7
LC2_Vs_10mSec_Rms,Volts,1392.3,1392.6,1386.3,1396.8,1391.1,1390.9,1390.7,1387.5,1388.1,1380.3
LC2_IpPeak,Amps,145,145,139.1,139.9,140.6,135.5,142.8,139.1,136.9,135.5
LC2_OVL_I,Amps,1,1.1,1,1.1,1,1.1,1,1,1.1,1
LC2_Flag_Sts2TC,NUM,512,512,512,512,512,512,512,512,512,512
LC2_DCL_EFlt_V,Volts,1947.7,1948.2,1936.7,1947,1957.2,1950.8,1946.7,1933.6,1954.9,1945.4
LC2_Ki_Out,Amps,-475.3,-504.5,-496,-486,-464.3,-474.2,-479.5,-471.7,-473.6,-465.5
LC2_OHE_Pwr_Der_Fact,NUM,32768,32768,32768,32768,32768,32768,32768,32768,32768,32768
ALC2_System_Para2,NUM,2,2,2,2,2,2,2,2,2,2
ALC2_System_Para3,NUM,0,0,0,0,0,0,0,0,0,0
ALC2_System_Para4,NUM,0,0,0,0,0,0,0,0,0,0
LC2__Is_Rms_With_Ripple,Amps,541.1,540.4,515.2,531.4,505.2,501.8,526.2,533.8,511.2,494.8
LC2_DCLV_Max,volts,2676,2660,2710,2670,2671,2730,2722,2687,2664,2701
LC2_PLL_Ph_Err,deg,0.02,-0.07,0.01,0.01,0.01,0,0.01,0.01,0.02,0
LC2__LFF_I,Amps,529.5,522.9,521.9,512,510.8,505.7,504.4,505.6,498.5,501.2
LTC1_Conv_Temp,Deg c,514,514,513,513,513,514,513,514,514,513
LC2_PWM_Phase_Shift,NUM,342,342,342,342,342,342,342,342,342,342
ALC3_System_Para1,NUM,35808,35808,35808,35808,35808,35808,35808,35808,35808,35808
ALC3_Precharging_Cnt,NUM,3,3,3,3,3,3,3,3,3,3
LC3_DCLVRef,volts,2600,2600,2600,2600,2600,2600,2600,2600,2600,2600
LC3_Is_ref_mag,Amps,-789.1,-771.1,-771.9,-764.3,-759.4,-744.6,-767.1,-723.6,-727.5,-743.8
LC3_VsPeak,volts,2032.5,2026.3,2031.3,2028.8,2017.7,2036.1,2014.1,2028.8,2015.4,2030
LC3_IsPeak,Amps,1003.3,969.7,988.7,979.9,953.6,952.1,996.1,949.2,917,959.5
LC3_Vs_10mSec_Rms,volts,1391.9,1389.8,1390.2,1387.6,1390.4,1388.8,1389.5,1390,1385.2,1387.9
LC3_IpPeak,Amps,148.6,150.8,142.8,144.2,145,139.1,147.2,142,141.3,139.1
LC3_OVL_I,Amps,1.2,1.2,1.1,1.1,1.1,1.2,1.1,1.1,1.1,1.1
LC3_Flag_Sts2TC,NUM,520,520,520,520,520,520,520,520,520,520
LC3_DCL_EFlt_V,Volts,1941.1,1942.6,1941.3,1943.4,1944.9,1951.3,1959.8,1941.8,1943.4,1943.1
LC3_Ki_Out,Amps,-784.1,-773.4,-772.1,-760.8,-759.7,-749.1,-763.9,-730.3,-733.2,-739.7
LC3_OHE_Pwr_Der_Fact,NUM,32768,32768,32768,32768,32768,32768,32768,32768,32768,32768
ALC3_System_Para2,NUM,2,2,2,2,2,2,2,2,2,2
ALC3_System_Para3,NUM,0,0,0,0,0,0,0,0,0,0
ALC3_System_Para4,NUM,0,0,0,0,0,0,0,0,0,0
LC3__Is_Rms_With_Ripple,Amps,558.5,524.1,550.2,537.1,523.6,529.6,546.3,527.3,495.5,525.6
LC3_DCLV_Max,Volts,2703,2647,2706,2637,2670,2622,2656,2618,2655,2637
LC3_PLL_Ph_Err,deg,0,0,0.01,0,0.01,0.01,-0.07,0,0.03,-0.07
LC3__LFF_I,Amps,0,0,0,0,0,0,0,0,0,0
LTC2_Terminal_Temp,Deg c,511,511,511,511,511,511,511,511,511,511
LC3_PWM_Phase_Shift,NUM,350.99,350.99,350.99,350.99,350.99,350.99,350.99,350.99,350.99,350.99
ALC4_System_Para1,NUM,35808,35808,35808,35808,35808,35808,35808,35808,35808,35808
ALC4_Precharging_Cnt,NUM,3,3,3,3,3,3,3,3,3,3
LC4_VTOP_GDPSFailOrRxopen,0,NO,NO,NO,NO,NO,NO,NO,NO,NO,NO
LC4_VTOP_DiBydt_Or_OFF2ON,0,NO,NO,NO,NO,NO,NO,NO,NO,NO,NO
LC4_VTOP_Shootthrw_Or_ShortCkt,0,NO,NO,NO,NO,NO,NO,NO,NO,NO,NO
LC4_VTOP_VceHighFreq_Or_ON2OFF,0,NO,NO,NO,NO,NO,NO,NO,NO,NO,NO
LC4_VTOP_GateVoltFlt,0,NO,NO,NO,NO,NO,NO,NO,NO,NO,NO
LC4_VTOP_TxFailure,0,NO,NO,NO,NO,NO,NO,NO,NO,NO,NO
LC4_VTOP_BasedonCnt,0,NO,NO,NO,NO,NO,NO,NO,NO,NO,NO
LC4_DCLVRef,Volts,2600,2600,2600,2600,2600,2600,2600,2600,2600,2600
LC4_Is_ref_mag,Amps,-786.3,-771.1,-771.9,-763.7,-759.4,-744.6,-767.1,-723.6,-727.8,-743.8
LC4_VsPeak,Volts,2028.7,2025.1,2037.3,2031.2,2015.3,2038.5,2016.5,2027.6,2012.9,2032.4
LC4_IsPeak,Amps,991.7,994.6,980,980,993.2,950.7,987.3,952.1,963.9,959.5
LC4_Vs_10mSec_Rms,Volts,1394.3,1389.5,1391.4,1383.2,1392.8,1389,1391.9,1391.6,1380.9,1389.5
LC4_IpPeak,Amps,148.6,147.2,139.8,139.1,145,139.8,145.7,140.6,139.1,136.9
LC4_OVL_I,Amps,1.5,1.5,1.4,1.5,1.5,1.4,1.5,1.5,1.5,1.4
LC4_Flag_Sts2TC,NUM,512,512,512,512,512,512,512,512,512,512
LC4_DCL_EFlt_V,Volts,1946.7,1944.9,1949,1941.3,1946.7,1951.3,1968.5,1944.4,1945.2,1944.7
LC4_Ki_Out,Amps,-786.3,-771.1,-771.9,-763.7,-759.4,-744.6,-767.1,-723.6,-727.8,-743.8
LC4_OHE_Pwr_Der_Fact,NUM,32768,32768,32768,32768,32768,32768,32768,32768,32768,32768
ALC4_System_Para2,NUM,2,2,2,2,2,2,2,2,2,2
ALC4_System_Para3,NUM,0,0,0,0,0,0,0,0,0,0
ALC4_System_Para4,NUM,0,0,0,0,0,0,0,0,0,0
LC4__Is_Rms_With_Ripple,Amps,554.5,554.6,540.4,534.8,551.2,520.4,550.4,521.7,528.4,526.7
LC4_DCLV_Max,Volts,2632,2625,2666,2659,2619,2648,2658,2610,2657,2675
LC4_PLL_Ph_Err,deg,0.02,0,0,0.02,-0.07,0,-0.04,0,0.03,0
LC4__LFF_I,Amps,0,0,0,0,0,0,0,0,0,0
LTC2_Conv_Temp,Deg c,510,511,510,510,510,510,510,510,510,510
LC4_PWM_Phase_Shift,NUM,333,333,333,333,333,333,333,333,333,333
AC3_Dlg_Spr5,NUM,0,0,0,0,0,0,0,0,0,0
AC3_Dlg_Spr6,NUM,0,0,0,0,0,0,0,0,0,0
Fault_Count,NUM,106,106,106,106,106,106,107,107,107,107
FDP_Remark,NUM,0,0,0,0,0,0,0,0,0,0
DMC_Version_Number,NUM,02.03.07,02.03.07,02.03.07,02.03.07,02.03.07,02.03.07,02.03.07,02.03.07,02.03.07,02.03.07
IDL_Version_Number,NUM,00.00.00,00.00.00,00.00.00,00.00.00,00.00.00,00.00.00,00.00.00,00.00.00,00.00.00,00.00.00
Memory_Card_Version,NUM,00.00.00,00.00.00,00.00.00,00.00.00,00.00.00,00.00.00,00.00.00,00.00.00,00.00.00,00.00.00
LRMS_Version_Number,NUM,08.08.00,08.08.00,08.08.00,08.08.00,08.08.00,08.08.00,08.08.00,08.08.00,08.08.00,08.08.00
Latitude,NUM,21,21,21,21,21,21,21,21,21,21
Longitude,NUM,81,81,81,81,81,81,81,81,81,81
TFT1_SBC_Temperature,NUM,0,0,0,0,0,0,0,0,0,0
TFT1_Backlight_Temperature,NUM,0,0,0,0,0,0,0,0,0,0
TFT2_SBC_Temperature,NUM,0,0,0,0,0,0,0,0,0,0
TFT2_Backlight_Temperature,NUM,0,0,0,0,0,0,0,0,0,0
Loco_ID,NUM,30699,30699,30699,30699,30699,30699,30699,30699,30699,30699
